{
  "banner":[
    {"src":"//gfs13.gomein.net.cn/T11sZXBTAT1RCvBVdK.jpg","bg":"#E3AE00"},
    {"src":"//gfs10.gomein.net.cn/T1V1JXBsVv1RCvBVdK.jpg","bg":"#E3AE00"},
    {"src":"//gfs12.gomein.net.cn/T1q1DXB_CT1RCvBVdK.jpg","bg":"#E9760F"},
    {"src":"//gfs13.gomein.net.cn/T1IfCXBQCv1RCvBVdK.jpg","bg":"#EBE9F4"},
    {"src":"//gfs13.gomein.net.cn/T1KjhXBjVT1RCvBVdK.jpg","bg":"#063CFF"},
    {"src":"//gfs11.gomein.net.cn/T1mrxXBgEv1RCvBVdK.jpg","bg":"#C9773D"},
    {"src":"//gfs12.gomein.net.cn/T1zrYXBmKT1RCvBVdK.jpg","bg":"#54AAB7"},
    {"src":"//gfs13.gomein.net.cn/T1ju_XBgKv1RCvBVdK.jpg","bg":"#060912"}
  ]
}