{
    "update": [{
        "img": "../images/update/1.jpg",
        "vip": "VIP免费",
        "definition": "超清",
        "title": "叶问外传：张天志",
        "detail": "正义中的胜负抗衡",
        "score": "8.9"
    }, {
        "img": "../images/update/2.jpg",
        "vip": "VIP免费",
        "definition": "超清",
        "title": "断片之险途夺宝",
        "detail": "一个亿的冒险之旅",
        "score": "5.2"
    }, {
        "img": "../images/update/3.jpg",
        "vip": "VIP免费",
        "definition": "超清",
        "title": "天气预爆",
        "detail": "奇幻又紧张刺激的旅程",
        "score": "7.0"
    }, {
        "img": "../images/update/4.jpg",
        "vip": "VIP免费",
        "definition": "超清",
        "title": "李茶的姑妈",
        "detail": "开心麻花第四部电影",
        "score": "7.2"
    }, {
        "img": "../images/update/5.jpg",
        "vip": "VIP免费",
        "definition": "超清",
        "title": "西虹市首富",
        "detail": "有钱更烦恼的人生",
        "score": "8.8"
    }, {
        "img": "../images/update/6.jpg",
        "vip": "VIP免费",
        "definition": "超清",
        "title": "我不是药神",
        "detail": "徐峥走私印度抗癌药",
        "score": "9.4"
    }, {
        "img": "../images/update/7.jpg",
        "vip": "VIP免费",
        "definition": "超清",
        "title": "环太平洋：雷霆再起",
        "detail": "人类最后的希望",
        "score": "9.1"
    }, {
        "img": "../images/update/8.jpg",
        "vip": "VIP免费",
        "definition": "超清",
        "title": "撒坝味道",
        "detail": "家的味道爱的味道",
        "score": "5.7"
    }, {
        "img": "../images/update/9.jpg",
        "vip": "VIP免费",
        "definition": "超清",
        "title": "幕后玩家",
        "detail": "徐峥被虐生死成谜",
        "score": "7.3"
    }, {
        "img": "../images/update/10.jpg",
        "vip": "VIP免费",
        "definition": "超清",
        "title": "红海行动",
        "detail": "中国海军上演跨国救援",
        "score": "9.3"
    }, {
        "img": "../images/update/11.jpg",
        "vip": "VIP免费",
        "definition": "超清",
        "title": "90后的80后后妈",
        "detail": "女儿为父亲安排相亲",
        "score": "5.0"
    }, {
        "img": "../images/update/12.jpg",
        "vip": "VIP免费",
        "definition": "超清",
        "title": "小夫妻",
        "detail": "任性娇妻对上贤惠婆婆",
        "score": "4.1"
    }, {
        "img": "../images/update/13.jpg",
        "vip": "VIP免费",
        "definition": "超清",
        "title": "内心引力",
        "detail": "听从内心的呼唤",
        "score": "4.5"
    }, {
        "img": "../images/update/14.jpg",
        "vip": "VIP免费",
        "definition": "超清",
        "title": "东北情圣之假戏真做",
        "detail": "屌丝拍电影意外走红",
        "score": "5.5"
    }, {
        "img": "../images/update/15.jpg",
        "vip": "VIP免费",
        "definition": "标清",
        "title": "听见爱",
        "detail": "走心恋爱范本儿",
        "score": "7.8"
    }, {
        "img": "../images/update/16.jpg",
        "vip": "VIP免费",
        "definition": "超清",
        "title": "我是齐天大圣之观音画卷",
        "detail": "齐天大圣转世逗比青年",
        "score": "4.6"
    }, {
        "img": "../images/update/17.jpg",
        "vip": "VIP免费",
        "definition": "超清",
        "title": "你行…你结婚",
        "detail": "墨西哥爆笑脱单宝典",
        "score": "8.1"
    }, {
        "img": "../images/update/18.jpg",
        "vip": "VIP免费",
        "definition": "超清",
        "title": "孕妇风波",
        "detail": "35岁女人假装怀孕",
        "score": "6.2"
    }, {
        "img": "../images/update/19.jpg",
        "vip": "VIP免费",
        "definition": "超清",
        "title": "我的男友是后羿",
        "detail": "后羿穿越笑料百出",
        "score": "3.6"
    }, {
        "img": "../images/update/20.jpg",
        "vip": "VIP免费",
        "definition": "超清",
        "title": "老公是怎样恋成的",
        "detail": "年轻人的爱情生活",
        "score": "5.9"
    }, {
        "img": "../images/update/21.jpg",
        "vip": "VIP免费",
        "definition": "超清",
        "title": "现在加糖",
        "detail": "童星为搏出位无下限",
        "score": "7.2"
    }, {
        "img": "../images/update/22.jpg",
        "vip": "VIP免费",
        "definition": "超清",
        "title": "宿醉惊喜",
        "detail": "宿醉之后的“破处”之旅",
        "score": "5.8"
    }, {
        "img": "../images/update/23.jpg",
        "vip": "VIP免费",
        "definition": "超清",
        "title": "暮年困境",
        "detail": "老夫妻的困顿生活",
        "score": "6.3"
    }, {
        "img": "../images/update/24.jpg",
        "vip": "VIP免费",
        "definition": "高清",
        "title": "欲望幸福",
        "detail": "追求幸福的N种方式",
        "score": "4.7"
    }, {
        "img": "../images/update/25.jpg",
        "vip": "VIP免费",
        "definition": "超清",
        "title": "英式爱情守则",
        "detail": "大学教授的几段情爱",
        "score": "8.2"
    }, {
        "img": "../images/update/26.jpg",
        "vip": "VIP免费",
        "definition": "超清",
        "title": "尚红书院",
        "detail": "学生与夫子的书院趣事",
        "score": "3.3"
    }, {
        "img": "../images/update/27.jpg",
        "vip": "VIP免费",
        "definition": "超清",
        "title": "无处可藏",
        "detail": "女大学生遭遇校园暴力",
        "score": "6.9"
    }, {
        "img": "../images/update/28.jpg",
        "vip": "VIP免费",
        "definition": "超清",
        "title": "睡美人的诅咒",
        "detail": "全新黑暗视角重构格林童话",
        "score": "7.8"
    }, {
        "img": "../images/update/29.jpg",
        "vip": "VIP免费",
        "definition": "超清",
        "title": "古惑仔之王者归来",
        "detail": "古惑仔兄弟内战混战江湖",
        "score": "3.6"
    }, {
        "img": "../images/update/30.jpg",
        "vip": "VIP免费",
        "definition": "超清",
        "title": "夺爱大作战",
        "detail": "翻版李亚鹏的爱恨情仇",
        "score": "6.0"
    }, {
        "img": "../images/update/31.jpg",
        "vip": "VIP免费",
        "definition": "超清",
        "title": "回应",
        "detail": "天文学家的爱恨纠葛",
        "score": "6.4"
    }, {
        "img": "../images/update/32.jpg",
        "vip": "VIP免费",
        "definition": "超清",
        "title": "话匣子",
        "detail": "经典励志校园青春片",
        "score": "6.1"
    }, {
        "img": "../images/update/33.jpg",
        "vip": "VIP免费",
        "definition": "超清",
        "title": "永不放弃",
        "detail": "FBI女特工孤身救女",
        "score": "8.3"
    }, {
        "img": "../images/update/34.jpg",
        "vip": "VIP免费",
        "definition": "超清",
        "title": "真实的潘金莲",
        "detail": "武大郎潘金莲一见钟情",
        "score": "3.5"
    }, {
        "img": "../images/update/35.jpg",
        "vip": "VIP免费",
        "definition": "超清",
        "title": "救赎",
        "detail": "学生与夫子的书院趣事",
        "score": "6.0"
    }, {
        "img": "../images/update/36.jpg",
        "vip": "VIP免费",
        "definition": "超清",
        "title": "再见心机婊",
        "detail": "心机婊智斗男版马蓉",
        "score": "4.9"
    }, {
        "img": "../images/update/37.jpg",
        "vip": "VIP免费",
        "definition": "超清",
        "title": "十品芝麻官",
        "detail": "十岁芝麻官保家卫国",
        "score": "3.6"
    }, {
        "img": "../images/update/38.jpg",
        "vip": "VIP免费",
        "definition": "超清",
        "title": "真相禁界",
        "detail": "惊天阴谋引发爱恨情仇",
        "score": "2.9"
    }, {
        "img": "../images/update/39.jpg",
        "vip": "VIP免费",
        "definition": "超清",
        "title": "黑暗破坏王",
        "detail": "私家侦探爱上黑帮女神",
        "score": "2.8"
    }, {
        "img": "../images/update/40.jpg",
        "vip": "VIP免费",
        "definition": "超清",
        "title": "心梦惊魂",
        "detail": "女子跳楼男子冷眼旁观",
        "score": "6.0"
    }, {
        "img": "../images/update/41.jpg",
        "vip": "VIP免费",
        "definition": "超清",
        "title": "谜海",
        "detail": "警察与毒贩的生死斗争",
        "score": "5.2"
    }, {
        "img": "../images/update/42.jpg",
        "vip": "VIP免费",
        "definition": "超清",
        "title": "暗夜心理师",
        "detail": "琅琊榜甄平化身高冷心理师",
        "score": "4.1"
    }, {
        "img": "../images/update/43.jpg",
        "vip": "VIP免费",
        "definition": "超清",
        "title": "三日危情",
        "detail": "男演员与女保镖的同居生活",
        "score": "3.0"
    }, {
        "img": "../images/update/44.jpg",
        "vip": "VIP免费",
        "definition": "超清",
        "title": "大哥归来之老炮不散",
        "detail": "小人物逆袭为娱乐业大亨",
        "score": "3.0"
    }, {
        "img": "../images/update/45.jpg",
        "vip": "VIP免费",
        "definition": "超清",
        "title": "复仇者",
        "detail": "黑暗游戏者变身冷酷杀手",
        "score": "3.3"
    }, {
        "img": "../images/update/46.jpg",
        "vip": "VIP免费",
        "definition": "超清",
        "title": "代理情人",
        "detail": "屌丝女撩倒禁欲总裁",
        "score": "6.0"
    }, {
        "img": "../images/update/47.jpg",
        "vip": "VIP免费",
        "definition": "超清",
        "title": "大圣流浪记",
        "detail": "悟空在2016与牛魔王争女友",
        "score": "5.2"
    }, {
        "img": "../images/update/48.jpg",
        "vip": "VIP免费",
        "definition": "超清",
        "title": "寂寞在作怪",
        "detail": "屌丝与富二代之间的碰撞",
        "score": "3.7"
    }, {
        "img": "../images/update/49.jpg",
        "vip": "VIP免费",
        "definition": "超清",
        "title": "拯救汪星人大作战",
        "detail": "大学生掀营救狗狗大作战",
        "score": "4.7"
    }, {
        "img": "../images/update/50.jpg",
        "vip": "VIP免费",
        "definition": "超清",
        "title": "绝命灵石之死磕到底",
        "detail": "东北版《疯狂的石头》",
        "score": "3.3"
    }, {
        "img": "../images/update/51.jpg",
        "vip": "VIP免费",
        "definition": "超清",
        "title": "双截龙",
        "detail": "致敬李小龙热血功夫片",
        "score": "3.3"
    }, {
        "img": "../images/update/52.jpg",
        "vip": "VIP免费",
        "definition": "超清",
        "title": "辣条侦探",
        "detail": "“逗比版”柯南破案剧",
        "score": "3.0"
    }, {
        "img": "../images/update/53.jpg",
        "vip": "VIP免费",
        "definition": "超清",
        "title": "狗屎运",
        "detail": "小三年代是否有真情",
        "score": "5.4"
    }, {
        "img": "../images/update/54.jpg",
        "vip": "VIP免费",
        "definition": "超清",
        "title": "降魔家族之咒灵日记",
        "detail": "再现林正英之风采",
        "score": "3.9"
    }, {
        "img": "../images/update/55.jpg",
        "vip": "VIP免费",
        "definition": "超清",
        "title": "相亲也疯狂",
        "detail": "一男对多女",
        "score": "4.5"
    }, {
        "img": "../images/update/56.jpg",
        "vip": "VIP免费",
        "definition": "超清",
        "title": "勇攀高峰",
        "detail": "努力奋斗终成功",
        "score": "3.2"
    }, {
        "img": "../images/update/57.jpg",
        "vip": "VIP免费",
        "definition": "超清",
        "title": "亲爱的课堂",
        "detail": "形影不离的同学爱",
        "score": "5.7"
    }, {
        "img": "../images/update/58.jpg",
        "vip": "VIP免费",
        "definition": "超清",
        "title": "春天的童话",
        "detail": "最悲哀的爱情故事",
        "score": "5.0"
    }, {
        "img": "../images/update/59.jpg",
        "vip": "VIP免费",
        "definition": "超清",
        "title": "大孝儿媳",
        "detail": "儿媳割肝拯救公公",
        "score": "5.2"
    }, {
        "img": "../images/update/60.jpg",
        "vip": "VIP免费",
        "definition": "超清",
        "title": "我的同学不是人",
        "detail": "变种人扩散城市",
        "score": "5.0"
    }, {
        "img": "../images/update/61.jpg",
        "vip": "VIP免费",
        "definition": "超清",
        "title": "蕾丝妙探",
        "detail": "刑警遇谜案美女相助",
        "score": "4.2"
    }, {
        "img": "../images/update/62.jpg",
        "vip": "VIP免费",
        "definition": "超清",
        "title": "悬影重重",
        "detail": "惊悚连环爱情圈套",
        "score": "3.6"
    }, {
        "img": "../images/update/63.jpg",
        "vip": "VIP免费",
        "definition": "超清",
        "title": "明月",
        "detail": "乡村女教师的真实写照。",
        "score": "6.0"
    }, {
        "img": "../images/update/64.jpg",
        "vip": "VIP免费",
        "definition": "超清",
        "title": "前，你大爷",
        "detail": "金钱的衡量人性的考验",
        "score": "8.6"
    }, {
        "img": "../images/update/65.jpg",
        "vip": "VIP免费",
        "definition": "高清",
        "title": "苹果梦",
        "detail": "苹果创业梦",
        "score": "2.0"
    }, {
        "img": "../images/update/66.jpg",
        "vip": "VIP免费",
        "definition": "超清",
        "title": "断肠草",
        "detail": "红色谍战悬疑剧",
        "score": "7.9"
    }, {
        "img": "../images/update/67.jpg",
        "vip": "VIP免费",
        "definition": "超清",
        "title": "天钟",
        "detail": "透彻的体现了人性",
        "score": "8.3"
    }, {
        "img": "../images/update/68.jpg",
        "vip": "VIP免费",
        "definition": "超清",
        "title": "女神",
        "detail": "一段四角纠葛的爱情",
        "score": "7.7"
    }, {
        "img": "../images/update/69.jpg",
        "vip": "VIP免费",
        "definition": "超清",
        "title": "通灵绘本",
        "detail": "通灵游戏的真相",
        "score": "4.3"
    }, {
        "img": "../images/update/70.jpg",
        "vip": "VIP免费",
        "definition": "超清",
        "title": "恐怖阁楼",
        "detail": "恐怖堕胎冤童索魂",
        "score": "3.9"
    }, {
        "img": "../images/update/71.jpg",
        "vip": "VIP免费",
        "definition": "超清",
        "title": "世纪情缘",
        "detail": "世纪爱恋",
        "score": "3.4"
    }, {
        "img": "../images/update/72.jpg",
        "vip": "VIP免费",
        "definition": "超清",
        "title": "屌丝侠",
        "detail": "穷矮搓化身泡妞高手",
        "score": "3.3"
    }, {
        "img": "../images/update/73.jpg",
        "vip": "VIP免费",
        "definition": "超清",
        "title": "天下无单",
        "detail": "祝有情人终成眷属",
        "score": "4.3"
    }, {
        "img": "../images/update/74.jpg",
        "vip": "VIP免费",
        "definition": "超清",
        "title": "解救武先生",
        "detail": "人性和道德的挣扎",
        "score": "2.4"
    }, {
        "img": "../images/update/75.jpg",
        "vip": "VIP免费",
        "definition": "超清",
        "title": "捉鬼记",
        "detail": "知性女编遇恶鬼",
        "score": "3.8"
    }, {
        "img": "../images/update/76.jpg",
        "vip": "VIP免费",
        "definition": "超清",
        "title": "爱上女主播",
        "detail": "风情别样的混搭风格",
        "score": "3.9"
    }],


    "favorite": [{
        "img": "images/favorite/1.jpg",
        "vip": "VIP免费",
        "definition": "超清",
        "title": "红海行动",
        "detail": "中国海军上演跨国救援",
        "score": "9.3"
    }, {
        "img": "images/favorite/2.jpg",
        "vip": "VIP免费",
        "definition": "超清",
        "title": "我不是药神",
        "detail": "徐峥走私印度抗癌药",
        "score": "9.4"
    }, {
        "img": "images/favorite/3.jpg",
        "vip": "VIP免费",
        "definition": "超清",
        "title": "西虹市首富",
        "detail": "有钱更烦恼的人生",
        "score": "8.8"
    }, {
        "img": "images/favorite/4.jpg",
        "vip": "VIP免费",
        "definition": "超清",
        "title": "叶问外传：张天志",
        "detail": "正义中的胜负抗衡",
        "score": "8.9"
    }, {
        "img": "images/favorite/5.jpg",
        "vip": "VIP免费",
        "definition": "超清",
        "title": "环太平洋：雷霆再起",
        "detail": "人类最后的希望",
        "score": "9.1"
    }, {
        "img": "images/favorite/6.jpg",
        "vip": "VIP免费",
        "definition": "超清",
        "title": "真实的潘金莲",
        "detail": "武大郎潘金莲一见钟情",
        "score": "3.5"
    }, {
        "img": "images/favorite/7.jpg",
        "vip": "VIP免费",
        "definition": "超清",
        "title": "幕后玩家",
        "detail": "徐峥被虐生死成迷",
        "score": "7.3"
    }, {
        "img": "images/favorite/8.jpg",
        "vip": "VIP免费",
        "definition": "超清",
        "title": "李茶的姑妈",
        "detail": "开心麻花第四部电影",
        "score": "7.2"
    }, {
        "img": "images/favorite/9.jpg",
        "vip": "VIP免费",
        "definition": "超清",
        "title": "断片之险途夺宝",
        "detail": "一个亿的冒险之旅",
        "score": "5.2"
    }, {
        "img": "images/favorite/10.jpg",
        "vip": "VIP免费",
        "definition": "超清",
        "title": "恐怖阁楼",
        "detail": "恐怖堕胎冤童索魂",
        "score": "3.9"
    }, {
        "img": "images/favorite/11.jpg",
        "vip": "VIP免费",
        "definition": "超清",
        "title": "天气预爆",
        "detail": "奇幻又紧张刺激的旅程",
        "score": "7.0"
    }, {
        "img": "images/favorite/12.jpg",
        "vip": "VIP免费",
        "definition": "超清",
        "title": "捉鬼记",
        "detail": "知性女编遇恶鬼",
        "score": "3.8"
    }, {
        "img": "images/favorite/13.jpg",
        "vip": "VIP免费",
        "definition": "超清",
        "title": "永不放弃",
        "detail": "FBI女特工孤身救女",
        "score": "8.3"
    }, {
        "img": "images/favorite/14.jpg",
        "vip": "VIP免费",
        "definition": "超清",
        "title": "断肠草",
        "detail": "红色谍战悬疑剧",
        "score": "7.9"
    }, {
        "img": "images/favorite/15.jpg",
        "vip": "VIP免费",
        "definition": "标清",
        "title": "你行…你结婚",
        "detail": "墨西哥爆笑脱单宝典",
        "score": "8.1"
    }, {
        "img": "images/favorite/16.jpg",
        "vip": "VIP免费",
        "definition": "超清",
        "title": "我的男友是后羿",
        "detail": "后羿穿越笑料百出",
        "score": "3.6"
    }, {
        "img": "images/favorite/17.jpg",
        "vip": "VIP免费",
        "definition": "超清",
        "title": "寂寞在作怪",
        "detail": "屌丝与富二代之间的碰撞",
        "score": "3.7"
    }, {
        "img": "images/favorite/18.jpg",
        "vip": "VIP免费",
        "definition": "超清",
        "title": "古惑仔之王者归来",
        "detail": "古惑仔兄弟内战混战江湖",
        "score": "3.6"
    }, {
        "img": "images/favorite/19.jpg",
        "vip": "VIP免费",
        "definition": "超清",
        "title": "睡美人的诅咒",
        "detail": "全新黑暗视角重构格林童话",
        "score": "7.8"
    }, {
        "img": "images/favorite/20.jpg",
        "vip": "VIP免费",
        "definition": "超清",
        "title": "我的同学不是人",
        "detail": "变种人扩散城市",
        "score": "5.0"
    }, {
        "img": "images/favorite/21.jpg",
        "vip": "VIP免费",
        "definition": "超清",
        "title": "宿醉惊喜",
        "detail": "宿醉之后的“破处”之旅",
        "score": "5.8"
    }, {
        "img": "images/favorite/22.jpg",
        "vip": "VIP免费",
        "definition": "超清",
        "title": "英式爱情守则",
        "detail": "大学教授的几段情爱",
        "score": "8.2"
    }, {
        "img": "images/favorite/23.jpg",
        "vip": "VIP免费",
        "definition": "超清",
        "title": "无处可藏",
        "detail": "女大学生遭遇校园暴力",
        "score": "6.9"
    }, {
        "img": "images/favorite/24.jpg",
        "vip": "VIP免费",
        "definition": "超清",
        "title": "孕妇风波",
        "detail": "35岁女人假装怀孕",
        "score": "6.2"
    }, {
        "img": "images/favorite/25.jpg",
        "vip": "VIP免费",
        "definition": "超清",
        "title": "我是齐天大圣之观音画卷",
        "detail": "齐天大圣转世逗比青年",
        "score": "4.6"
    }, {
        "img": "images/favorite/26.jpg",
        "vip": "VIP免费",
        "definition": "超清",
        "title": "回应",
        "detail": "天文学家的爱恨纠葛",
        "score": "6.4"
    }, {
        "img": "images/favorite/27.jpg",
        "vip": "VIP免费",
        "definition": "超清",
        "title": "降魔家族之咒灵日记",
        "detail": "再现林正英之风采",
        "score": "3.9"
    }, {
        "img": "images/favorite/28.jpg",
        "vip": "VIP免费",
        "definition": "超清",
        "title": "蕾丝妙探",
        "detail": "刑警遇谜案美女相助",
        "score": "4.2"
    }, {
        "img": "images/favorite/29.jpg",
        "vip": "VIP免费",
        "definition": "超清",
        "title": "爱上女主播",
        "detail": "风情别样的混搭风格",
        "score": "3.9"
    }, {
        "img": "images/favorite/30.jpg",
        "vip": "VIP免费",
        "definition": "超清",
        "title": "内心引力",
        "detail": "听从内心的呼唤",
        "score": "4.9"
    }, {
        "img": "images/favorite/31.jpg",
        "vip": "VIP免费",
        "definition": "超清",
        "title": "大哥归来之老炮不散",
        "detail": "小人物逆袭为娱乐业大亨",
        "score": "3.0"
    }, {
        "img": "images/favorite/32.jpg",
        "vip": "VIP免费",
        "definition": "超清",
        "title": "老公是怎样恋成的",
        "detail": "年轻人的爱情生活",
        "score": "5.9"
    }, {
        "img": "images/favorite/33.jpg",
        "vip": "VIP免费",
        "definition": "高清",
        "title": "欲望幸福",
        "detail": "追求幸福的N种方式",
        "score": "4.7"
    }, {
        "img": "images/favorite/34.jpg",
        "vip": "VIP免费",
        "definition": "超清",
        "title": "悬影重重",
        "detail": "惊悚连环爱情圈套",
        "score": "3.6"
    }, {
        "img": "images/favorite/35.jpg",
        "vip": "VIP免费",
        "definition": "超清",
        "title": "真相禁界",
        "detail": "惊天阴谋引发爱恨情仇",
        "score": "2.9"
    }, {
        "img": "images/favorite/36.jpg",
        "vip": "VIP免费",
        "definition": "超清",
        "title": "代理情人",
        "detail": "屌丝女撩倒禁欲总裁",
        "score": "6.0"
    }, {
        "img": "images/favorite/37.jpg",
        "vip": "VIP免费",
        "definition": "超清",
        "title": "屌丝侠",
        "detail": "穷矮搓化身泡妞高手",
        "score": "3.3"
    }, {
        "img": "images/favorite/38.jpg",
        "vip": "VIP免费",
        "definition": "标清",
        "title": "听见爱",
        "detail": "走心恋爱范本儿。",
        "score": "7.8"
    }, {
        "img": "images/favorite/39.jpg",
        "vip": "VIP免费",
        "definition": "超清",
        "title": "钱，你大爷",
        "detail": "金钱的衡量人性的考验",
        "score": "2.2"
    }, {
        "img": "images/favorite/40.jpg",
        "vip": "VIP免费",
        "definition": "超清",
        "title": "天钟",
        "detail": "透彻的体现了人性",
        "score": "8.3"
    }, {
        "img": "images/favorite/41.jpg",
        "vip": "VIP免费",
        "definition": "超清",
        "title": "女神",
        "detail": "一段四角纠葛的爱情",
        "score": "7.7"
    }, {
        "img": "images/favorite/42.jpg",
        "vip": "VIP免费",
        "definition": "超清",
        "title": "现在加糖",
        "detail": "童星为搏出位无下限",
        "score": "7.2"
    }, {
        "img": "images/favorite/43.jpg",
        "vip": "VIP免费",
        "definition": "超清",
        "title": "夺爱大作战",
        "detail": "翻版李亚鹏的爱恨情仇",
        "score": "6.0"
    }, {
        "img": "images/favorite/44.jpg",
        "vip": "VIP免费",
        "definition": "超清",
        "title": "十品芝麻官",
        "detail": "十岁芝麻官保家卫国",
        "score": "3.6"
    }, {
        "img": "images/favorite/45.jpg",
        "vip": "VIP免费",
        "definition": "超清",
        "title": "暗黑破坏王",
        "detail": "私家侦探爱上黑帮女神",
        "score": "2.8"
    }, {
        "img": "images/favorite/46.jpg",
        "vip": "VIP免费",
        "definition": "超清",
        "title": "解救武先生",
        "detail": "人性和道德的挣扎",
        "score": "2.4"
    }, {
        "img": "images/favorite/47.jpg",
        "vip": "VIP免费",
        "definition": "超清",
        "title": "90后的80后后妈",
        "detail": "女儿为父亲安排相亲",
        "score": "5.0"
    }, {
        "img": "images/favorite/48.jpg",
        "vip": "VIP免费",
        "definition": "超清",
        "title": "小夫妻",
        "detail": "任性娇妻对上贤惠婆婆",
        "score": "4.1"
    }, {
        "img": "images/favorite/49.jpg",
        "vip": "VIP免费",
        "definition": "超清",
        "title": "暮年困境",
        "detail": "老夫妻的困顿生活",
        "score": "6.3"
    }, {
        "img": "images/favorite/50.jpg",
        "vip": "VIP免费",
        "definition": "超清",
        "title": "救赎",
        "detail": "经济萧条的受害者实录",
        "score": "6.0"
    }, {
        "img": "images/favorite/51.jpg",
        "vip": "VIP免费",
        "definition": "超清",
        "title": "心梦惊魂",
        "detail": "女子跳楼男子冷眼旁观",
        "score": "6.0"
    }, {
        "img": "images/favorite/52.jpg",
        "vip": "VIP免费",
        "definition": "超清",
        "title": "谜海",
        "detail": "警察与毒贩的生死斗争",
        "score": "5.2"
    }, {
        "img": "images/favorite/53.jpg",
        "vip": "VIP免费",
        "definition": "超清",
        "title": "拯救汪星人大作战",
        "detail": "大学生掀营救狗狗大作战",
        "score": "4.7"
    }, {
        "img": "images/favorite/54.jpg",
        "vip": "VIP免费",
        "definition": "超清",
        "title": "勇攀高峰",
        "detail": "努力奋斗终成功",
        "score": "3.2"
    }, {
        "img": "images/favorite/55.jpg",
        "vip": "VIP免费",
        "definition": "超清",
        "title": "亲爱的课堂",
        "detail": "形影不离的同学爱",
        "score": "5.7"
    }, {
        "img": "images/favorite/56.jpg",
        "vip": "VIP免费",
        "definition": "超清",
        "title": "大孝儿媳",
        "detail": "儿媳割肝拯救公公",
        "score": "5.2"
    }, {
        "img": "images/favorite/57.jpg",
        "vip": "VIP免费",
        "definition": "超清",
        "title": "明月",
        "detail": "乡村女教师的真实写照",
        "score": "6.0"
    }, {
        "img": "images/favorite/58.jpg",
        "vip": "VIP免费",
        "definition": "高清",
        "title": "苹果梦",
        "detail": "苹果创业梦",
        "score": "2.0"
    }, {
        "img": "images/favorite/59.jpg",
        "vip": "VIP免费",
        "definition": "超清",
        "title": "撒坝味道",
        "detail": "家的味道爱的味道",
        "score": "5.7"
    }, {
        "img": "images/favorite/60.jpg",
        "vip": "VIP免费",
        "definition": "超清",
        "title": "东北情圣之假戏真做",
        "detail": "屌丝拍电影意外走红",
        "score": "5.5"
    }, {
        "img": "images/favorite/61.jpg",
        "vip": "VIP免费",
        "definition": "超清",
        "title": "尚红书院",
        "detail": "学生与夫子的书院趣事",
        "score": "3.3"
    }, {
        "img": "images/favorite/62.jpg",
        "vip": "VIP免费",
        "definition": "超清",
        "title": "话匣子",
        "detail": "经典励志校园青春片",
        "score": "6.1"
    }, {
        "img": "images/favorite/63.jpg",
        "vip": "VIP免费",
        "definition": "超清",
        "title": "再见心机婊",
        "detail": "心机婊智斗男版马蓉",
        "score": "4.9"
    }, {
        "img": "images/favorite/64.jpg",
        "vip": "VIP免费",
        "definition": "超清",
        "title": "暗夜心理师",
        "detail": "琅琊榜甄平化身高冷心理师",
        "score": "4.1"
    }, {
        "img": "images/favorite/65.jpg",
        "vip": "VIP免费",
        "definition": "超清",
        "title": "三日危情",
        "detail": "男演员与女保镖的同居生活",
        "score": "3.0"
    }, {
        "img": "images/favorite/66.jpg",
        "vip": "VIP免费",
        "definition": "超清",
        "title": "复仇者",
        "detail": "黑暗游戏者变身冷酷杀手",
        "score": "3.3"
    }, {
        "img": "images/favorite/67.jpg",
        "vip": "VIP免费",
        "definition": "超清",
        "title": "大圣流浪记",
        "detail": "悟空在2016与牛魔王争女友",
        "score": "5.2"
    }, {
        "img": "images/favorite/68.jpg",
        "vip": "VIP免费",
        "definition": "超清",
        "title": "绝命灵石之死磕到底",
        "detail": "东北版《疯狂的石头》",
        "score": "3.3"
    }, {
        "img": "images/favorite/69.jpg",
        "vip": "VIP免费",
        "definition": "超清",
        "title": "双截龙",
        "detail": "致敬李小龙热血功夫片",
        "score": "3.3"
    }, {
        "img": "images/favorite/70.jpg",
        "vip": "VIP免费",
        "definition": "超清",
        "title": "辣条侦探",
        "detail": "“逗比版”柯南破案剧",
        "score": "3.0"
    }, {
        "img": "images/favorite/71.jpg",
        "vip": "VIP免费",
        "definition": "超清",
        "title": "狗屎运",
        "detail": "小三年代是否有真情",
        "score": "5.4"
    }, {
        "img": "images/favorite/72.jpg",
        "vip": "VIP免费",
        "definition": "超清",
        "title": "相亲也疯狂",
        "detail": "一男对多女",
        "score": "4.5"
    }, {
        "img": "images/favorite/73.jpg",
        "vip": "VIP免费",
        "definition": "超清",
        "title": "春天的通话",
        "detail": "最悲哀的爱情故事",
        "score": "5.0"
    }, {
        "img": "images/favorite/74.jpg",
        "vip": "VIP免费",
        "definition": "超清",
        "title": "通灵绘本",
        "detail": "通灵游戏的真相",
        "score": "5.3"
    }, {
        "img": "images/favorite/75.jpg",
        "vip": "VIP免费",
        "definition": "超清",
        "title": "世纪情缘",
        "detail": "世纪恋爱",
        "score": "3.4"
    }, {
        "img": "images/favorite/76.jpg",
        "vip": "VIP免费",
        "definition": "超清",
        "title": "天下无单",
        "detail": "祝有情人终成眷属",
        "score": "4.3"
    }]
}