{
    "recommend": [{
            "image": "//gfs13.gomein.net.cn/T11sZXBTAT1RCvBVdK.jpg",
            "title": "外乡人",
            "detail": "上海外来人的辛酸与甘甜",
            "grade": "9.1",
            "definition": 1,
            "type": 1
        },
        {
            "image": "//gfs10.gomein.net.cn/T1V1JXBsVv1RCvBVdK.jpg",
            "title": "叶问外传:张天志",
            "detail": "正义中的胜负抗衡",
            "grade": "8.9",
            "definition": 2,
            "type": 2
        },
        {
            "image": "//gfs13.gomein.net.cn/T1KjhXBjVT1RCvBVdK.jpg",
            "title": "断片之险途夺宝",
            "detail": "一个亿的冒险之旅",
            "grade": "4",
            "definition": 2,
            "type": 2
        },
        {
            "image": "//gfs13.gomein.net.cn/T1KjhXBjVT1RCvBVdK.jpg",
            "title": "李茶的姑妈",
            "detail": "开心麻花第四部电影",
            "grade": "7.1",
            "definition": 2,
            "type": 2
        },
        {
            "image": "//gfs13.gomein.net.cn/T1ju_XBgKv1RCvBVdK.jpg",
            "title": "环太平洋:雷霆再起",
            "detail": "人类最后的希望",
            "grade": "9.1",
            "definition": 2,
            "type": 2
        },
        {
            "image": "//gfs11.gomein.net.cn/T1mrxXBgEv1RCvBVdK.jpg",
            "bg": "#C9773D",
            "title": "环太平洋:雷霆再起",
            "detail": "人类最后的希望",
            "grade": "9.1",
            "definition": 2,
            "type": 3
        },
        {
            "image": "//gfs13.gomein.net.cn/T11sZXBTAT1RCvBVdK.jpg",
            "title": "外乡人",
            "detail": "上海外来人的辛酸与甘甜",
            "grade": "9.1",
            "definition": 1,
            "type": 1
        },
        {
            "image": "//gfs10.gomein.net.cn/T1V1JXBsVv1RCvBVdK.jpg",
            "title": "叶问外传:张天志",
            "detail": "正义中的胜负抗衡",
            "grade": "8.9",
            "definition": 2,
            "type": 2
        },
        {
            "image": "//gfs13.gomein.net.cn/T1KjhXBjVT1RCvBVdK.jpg",
            "title": "断片之险途夺宝",
            "detail": "一个亿的冒险之旅",
            "grade": "4.9",
            "definition": 2,
            "type": 2
        },
        {
            "image": "//gfs13.gomein.net.cn/T1KjhXBjVT1RCvBVdK.jpg",
            "title": "李茶的姑妈",
            "detail": "开心麻花第四部电影",
            "grade": "7.1",
            "definition": 2,
            "type": 2
        },
        {
            "image": "//gfs13.gomein.net.cn/T1ju_XBgKv1RCvBVdK.jpg",
            "title": "环太平洋:雷霆再起",
            "detail": "人类最后的希望",
            "grade": "9.1",
            "definition": 2,
            "type": 2
        },
        {
            "image": "//gfs11.gomein.net.cn/T1mrxXBgEv1RCvBVdK.jpg",
            "bg": "#C9773D",
            "title": "环太平洋:雷霆再起",
            "detail": "人类最后的希望",
            "grade": "9.1",
            "definition": 2,
            "type": 3
        }
    ],
    "hot_showing": [{
            "image": "//gfs11.gomein.net.cn/T1mrxXBgEv1RCvBVdK.jpg",
            "title": "天气预爆",
            "detail": "奇幻又紧张刺激的旅程",
            "grade": "7.0",
            "definition": 2,
            "type": 2
        },
        {
            "image": "//gfs13.gomein.net.cn/T1ju_XBgKv1RCvBVdK.jpg",
            "title": "西虹市首富",
            "detail": "有钱更烦恼的人生",
            "grade": "8.7",
            "definition": 2,
            "type": 2
        },
        {
            "image": "//gfs13.gomein.net.cn/T1KjhXBjVT1RCvBVdK.jpg",
            "title": "我不是药神",
            "detail": "徐峥走私印度抗癌药",
            "grade": "9.4",
            "definition": 2,
            "type": 2
        },
        {
            "image": "//gfs13.gomein.net.cn/T1KjhXBjVT1RCvBVdK.jpg",
            "title": "红海行动",
            "detail": "中国海军上演跨国救援",
            "grade": "9.2",
            "definition": 2,
            "type": 2
        },
        {
            "image": "//gfs11.gomein.net.cn/T1mrxXBgEv1RCvBVdK.jpg",
            "title": "捉鬼记",
            "detail": "知性女编遇恶鬼",
            "grade": "3",
            "definition": 2,
            "type": 2
        }
    ]
}