[
  {
    "userId": "rere01",
    "date": "2019-7-1",
    "time": "13:11",
    "content": "进口量撒娇放得开垃圾分类看的撒就放的1",
    "count": 10,
    "imgIco": "http://img.baofeng.net/head/5192/2227/9201/135601920122275192/100_60_60.jpg"
  },
  {
    "userId": "rere01111",
    "date": "2019-6-11",
    "time": "10:11",
    "content": "进口量撒娇放得开垃圾分类看的撒就放的2",
    "count": 1100,
    "imgIco": "http://img.baofeng.net/head/5192/2227/9201/135601920122275192/100_60_60.jpg"
  },
  {
    "userId": "rere012332",
    "date": "2019-7-1",
    "time": "13:30",
    "content": "进口量撒娇放得开垃圾分类看的撒就放的3",
    "count": 101,
    "imgIco": "http://img.baofeng.net/head/5192/2227/9201/135601920122275192/100_60_60.jpg"
  },
  {
    "userId": "rere0112",
    "date": "2019-7-4",
    "time": "18:11",
    "content": "进口量撒娇放得开垃圾分类看的撒就放的4",
    "count": 9,
    "imgIco": "http://img.baofeng.net/head/5192/2227/9201/135601920122275192/100_60_60.jpg"
  },
  {
    "userId": "rere01243",
    "date": "2019-5-4",
    "time": "10:45",
    "content": "进口量撒娇放得开垃圾分类看的撒就放的5",
    "count": 35,
    "imgIco": "http://img.baofeng.net/head/5192/2227/9201/135601920122275192/100_60_60.jpg"
  },
  {
    "userId": "rere01434",
    "date": "2019-6-1",
    "time": "14:30",
    "content": "进口量撒娇放得开垃圾分类看的撒就放的6",
    "count": 111,
    "imgIco": "http://img.baofeng.net/head/5192/2227/9201/135601920122275192/100_60_60.jpg"
  },
  {
    "userId": "rere0143",
    "date": "2019-7-5",
    "time": "13:11",
    "content": "进口量撒娇放得开垃圾分类看的撒就放的7",
    "count": 1012,
    "imgIco": "http://img.baofeng.net/head/5192/2227/9201/135601920122275192/100_60_60.jpg"
  },
  {
    "userId": "rererr01",
    "date": "2019-2-1",
    "time": "11:11",
    "content": "进口量撒娇放得开垃圾分类看的撒就放的8",
    "count": 1011,
    "imgIco": "http://img.baofeng.net/head/5192/2227/9201/135601920122275192/100_60_60.jpg"
  },
  {
    "userId": "rere0109",
    "date": "2019-7-1",
    "time": "13:50",
    "content": "进口量撒娇放得开垃圾分类看的撒就放的9",
    "count": 1023,
    "imgIco": "http://img.baofeng.net/head/5192/2227/9201/135601920122275192/100_60_60.jpg"
  },
  {
        "userId": "rere0109",
        "date": "2019-7-1",
        "time": "13:50",
        "content": "进口量撒娇放得qnnmmm开垃圾分类看的撒就放的9",
        "count": 1023,
        "imgIco": "http://img.baofeng.net/head/5192/2227/9201/135601920122275192/100_60_60.jpg"
      },
  {
        "userId": "rere0109",
        "date": "2019-7-1",
        "time": "13:50",
        "content": "进口量撒娇放得开垃圾分类看的撒就放的9",
        "count": 1023,
        "imgIco": "http://img.baofeng.net/head/5192/2227/9201/135601920122275192/100_60_60.jpg"
      }
  ,
  {
        "userId": "rere0109",
        "date": "2019-7-1",
        "time": "13:50",
        "content": "进口量撒娇dsqwewqe放得开垃圾分类看的撒就放的9",
        "count": 1023,
        "imgIco": "http://img.baofeng.net/head/5192/2227/9201/135601920122275192/100_60_60.jpg"
      }
   ,
   {
         "userId": "rere0109",
         "date": "2019-7-1",
         "time": "13:50",
         "content": "进口量sdsadsa撒娇放得开垃圾分类看的撒就放的9",
         "count": 1023,
         "imgIco": "http://img.baofeng.net/head/5192/2227/9201/135601920122275192/100_60_60.jpg"
       }, {
        "userId": "rere01",
        "date": "2019-7-1",
        "time": "13:11",
        "content": "进口量撒娇放得开垃圾分类看的撒就放的1",
        "count": 10,
        "imgIco": "http://img.baofeng.net/head/5192/2227/9201/135601920122275192/100_60_60.jpg"
      },
      {
        "userId": "rere01111",
        "date": "2019-6-11",
        "time": "10:11",
        "content": "进口量撒娇放得开垃圾分类看的撒就放的2",
        "count": 1100,
        "imgIco": "http://img.baofeng.net/head/5192/2227/9201/135601920122275192/100_60_60.jpg"
      },
      {
        "userId": "rere012332",
        "date": "2019-7-1",
        "time": "13:30",
        "content": "进口量撒娇放得开垃圾分类看的撒就放的3",
        "count": 101,
        "imgIco": "http://img.baofeng.net/head/5192/2227/9201/135601920122275192/100_60_60.jpg"
      },
      {
        "userId": "rere0112",
        "date": "2019-7-4",
        "time": "18:11",
        "content": "进口量撒娇放得开垃圾分类看的撒就放的4",
        "count": 9,
        "imgIco": "http://img.baofeng.net/head/5192/2227/9201/135601920122275192/100_60_60.jpg"
      },
      {
        "userId": "rere01243",
        "date": "2019-5-4",
        "time": "10:45",
        "content": "进口量撒娇放得开垃圾分类看的撒就放的5",
        "count": 35,
        "imgIco": "http://img.baofeng.net/head/5192/2227/9201/135601920122275192/100_60_60.jpg"
      },
      {
        "userId": "rere01434",
        "date": "2019-6-1",
        "time": "14:30",
        "content": "进口量撒娇放得开垃圾分类看的撒就放的6",
        "count": 111,
        "imgIco": "http://img.baofeng.net/head/5192/2227/9201/135601920122275192/100_60_60.jpg"
      },
      {
        "userId": "rere0143",
        "date": "2019-7-5",
        "time": "13:11",
        "content": "进口量撒娇放得开垃圾分类看的撒就放的7",
        "count": 1012,
        "imgIco": "http://img.baofeng.net/head/5192/2227/9201/135601920122275192/100_60_60.jpg"
      },
      {
        "userId": "rererr01",
        "date": "2019-2-1",
        "time": "11:11",
        "content": "进口量撒娇放得开垃圾分类看的撒就放的8",
        "count": 1011,
        "imgIco": "http://img.baofeng.net/head/5192/2227/9201/135601920122275192/100_60_60.jpg"
      },
      {
        "userId": "rere0109",
        "date": "2019-7-1",
        "time": "13:50",
        "content": "进口量撒娇放得开垃圾分类看的撒就放的9",
        "count": 1023,
        "imgIco": "http://img.baofeng.net/head/5192/2227/9201/135601920122275192/100_60_60.jpg"
      },
      {
            "userId": "rere0109",
            "date": "2019-7-1",
            "time": "13:50",
            "content": "进口量撒娇放得qnnmmm开垃圾分类看的撒就放的9",
            "count": 1023,
            "imgIco": "http://img.baofeng.net/head/5192/2227/9201/135601920122275192/100_60_60.jpg"
          },
      {
            "userId": "rere0109",
            "date": "2019-7-1",
            "time": "13:50",
            "content": "进口量撒娇放得开垃圾分类看的撒就放的9",
            "count": 1023,
            "imgIco": "http://img.baofeng.net/head/5192/2227/9201/135601920122275192/100_60_60.jpg"
          }
      ,
      {
            "userId": "rere0109",
            "date": "2019-7-1",
            "time": "13:50",
            "content": "进口量撒娇dsqwewqe放得开垃圾分类看的撒就放的9",
            "count": 1023,
            "imgIco": "http://img.baofeng.net/head/5192/2227/9201/135601920122275192/100_60_60.jpg"
          }
       ,
       {
             "userId": "rere0109",
             "date": "2019-7-1",
             "time": "13:50",
             "content": "进口量sdsadsa撒娇放得开垃圾分类看的撒就放的9",
             "count": 1023,
             "imgIco": "http://img.baofeng.net/head/5192/2227/9201/135601920122275192/100_60_60.jpg"
           }
]