{
  "id": "",
  "name": "",
  "font_family": "iconfont",
  "css_prefix_text": "icon-",
  "description": "",
  "glyphs": [
    {
      "icon_id": "15159",
      "name": "播放",
      "font_class": "bofang",
      "unicode": "e633",
      "unicode_decimal": 58931
    },
    {
      "icon_id": "49848",
      "name": "分类",
      "font_class": "39",
      "unicode": "e629",
      "unicode_decimal": 58921
    },
    {
      "icon_id": "265119",
      "name": "踩",
      "font_class": "iconfontzan",
      "unicode": "e6cb",
      "unicode_decimal": 59083
    },
    {
      "icon_id": "339039",
      "name": "赞",
      "font_class": "zan",
      "unicode": "e645",
      "unicode_decimal": 58949
    },
    {
      "icon_id": "400050",
      "name": "更多－右",
      "font_class": "htmal5icon45",
      "unicode": "e62d",
      "unicode_decimal": 58925
    },
    {
      "icon_id": "680963",
      "name": "心",
      "font_class": "xin",
      "unicode": "e711",
      "unicode_decimal": 59153
    },
    {
      "icon_id": "818049",
      "name": "叉",
      "font_class": "untitled94",
      "unicode": "e605",
      "unicode_decimal": 58885
    },
    {
      "icon_id": "904044",
      "name": "分享",
      "font_class": "fenxiang",
      "unicode": "e683",
      "unicode_decimal": 59011
    },
    {
      "icon_id": "1323278",
      "name": "广告流量",
      "font_class": "liuliangquan",
      "unicode": "e611",
      "unicode_decimal": 58897
    },
    {
      "icon_id": "2743886",
      "name": "人",
      "font_class": "ren",
      "unicode": "e643",
      "unicode_decimal": 58947
    },
    {
      "icon_id": "4485652",
      "name": "更多_1",
      "font_class": "gengduo_",
      "unicode": "e52a",
      "unicode_decimal": 58666
    },
    {
      "icon_id": "5590687",
      "name": "心",
      "font_class": "xin1",
      "unicode": "e6f9",
      "unicode_decimal": 59129
    },
    {
      "icon_id": "5964569",
      "name": "时间",
      "font_class": "shijian",
      "unicode": "e613",
      "unicode_decimal": 58899
    },
    {
      "icon_id": "7015468",
      "name": "下载",
      "font_class": "xiazai",
      "unicode": "e725",
      "unicode_decimal": 59173
    }
  ]
}
